Aldi;1e Middellandstraat 56;3014 BG;51.918953;4.464029
Lidl;Ambachtsplein 30;3068 GV;51.964913;4.571034
Albert Heijn XL;Argonautenweg 1;3054 RP;51.959186;4.494417
Aldi;Argonautenweg 14;3054 RP;51.958783;4.493874
Dirk;Beijerlandsepassage 7;3074 RW;51.896263;4.511524
Albert Heijn;Benthuizerstraat 54;3036 CJ;51.936369;4.479879
Albert Heijn;Bentinckplein 40;3039 KM;51.927053;4.461992
Dirk;Bergweg 91;3037 ED;51.939227;4.479211
Albert Heijn to go;Beurstraverse 146;3012 AT;51.919900;4.480459
